{"cameraMode":{"drawMode":0,"name":"Shaded","section":"Shading Mode"},"sceneLighting":false,"audioPlay":false,"sceneViewState":{"m_AlwaysRefresh":false,"showFog":true,"showSkybox":false,"showFlares":true,"showImageEffects":true,"showParticleSystems":true,"showVisualEffectGraphs":true,"m_FxEnabled":true},"in2DMode":false,"pivot":{"x":0.7713402509689331,"y":5.091209411621094,"z":1.592820167541504},"rotation":{"x":-0.4365284740924835,"y":-0.015653731301426889,"z":0.007600394077599049,"w":-0.8995272517204285},"size":7.680253028869629,"orthographic":false}