{"cameraMode":{"drawMode":0,"name":"Shaded","section":"Shading Mode"},"sceneLighting":false,"audioPlay":false,"sceneViewState":{"m_AlwaysRefresh":false,"showFog":true,"showSkybox":false,"showFlares":true,"showImageEffects":true,"showParticleSystems":true,"showVisualEffectGraphs":true,"m_FxEnabled":true},"in2DMode":false,"pivot":{"x":-2.7571961879730226,"y":-1.22015380859375,"z":-2.4832537174224855},"rotation":{"x":-0.5990346074104309,"y":0.005284997634589672,"z":-0.003949811216443777,"w":-0.8007017374038696},"size":21.641990661621095,"orthographic":false}